{
  "version": 1,
  "author": "Arvind V",
  "editor": "wokwi",
  "parts": [
    {
      "type": "board-esp32-devkit-c-v4",
      "id": "esp",
      "top": 9.6,
      "left": -71.96,
      "attrs": { "env": "micropython-20231227-v1.22.0" }
    },
    {
      "type": "board-ssd1306",
      "id": "oled1",
      "top": 31.94,
      "left": 115.43,
      "attrs": { "i2cAddress": "0x3c" }
    }
  ],
  "connections": [
    [ "esp:TX", "$serialMonitor:RX", "", [] ],
    [ "esp:RX", "$serialMonitor:TX", "", [] ],
    [ "oled1:SCL", "esp:22", "green", [ "v-19.2", "h-105.3" ] ],
    [ "oled1:SDA", "esp:21", "gold", [ "v-48", "h-115.13", "v96" ] ],
    [ "oled1:GND", "esp:GND.3", "black", [ "v-9.6", "h-57.6", "v57.6" ] ],
    [ "oled1:VCC", "esp:3V3", "red", [ "v-38.4", "h-249.45", "v38.4" ] ]
  ],
  "dependencies": {}
}