{
  "version": 1,
  "author": "Arvind V",
  "editor": "wokwi",
  "parts": [
    { "type": "wokwi-breadboard-half", "id": "bb1", "top": 35.4, "left": -93.2, "attrs": {} },
    {
      "type": "board-esp32-devkit-c-v4",
      "id": "esp",
      "top": 28.8,
      "left": -225.56,
      "attrs": { "env": "micropython-20231227-v1.22.0" }
    },
    {
      "type": "wokwi-led",
      "id": "led1",
      "top": 44.4,
      "left": -82.2,
      "attrs": { "color": "red", "flip": "1" }
    },
    { "type": "wokwi-buzzer", "id": "bz1", "top": 2.4, "left": 1.8, "attrs": { "volume": "0.1" } }
  ],
  "connections": [
    [ "esp:TX", "$serialMonitor:RX", "", [] ],
    [ "esp:RX", "$serialMonitor:TX", "", [] ],
    [ "led1:A", "bb1:1t.a", "", [ "$bb" ] ],
    [ "led1:C", "bb1:2t.a", "", [ "$bb" ] ],
    [ "bz1:1", "bb1:11t.a", "", [ "$bb" ] ],
    [ "bz1:2", "bb1:12t.a", "", [ "$bb" ] ],
    [ "esp:2", "bb1:1t.b", "green", [ "h19.2", "v-96" ] ],
    [ "bb1:2t.b", "bb1:bn.1", "black", [ "v0" ] ],
    [ "bb1:2b.h", "bb1:2b.f", "green", [ "v0" ] ],
    [ "bb1:11t.b", "bb1:bn.9", "black", [ "v0" ] ],
    [ "esp:GND.3", "bb1:bn.1", "black", [ "h28.8", "v48" ] ],
    [ "bb1:12t.b", "esp:25", "blue", [ "v172.8", "h-374.4", "v9.6" ] ]
  ],
  "dependencies": {}
}