{
  "version": 1,
  "author": "Arvind V",
  "editor": "wokwi",
  "parts": [
    {
      "type": "board-esp32-devkit-c-v4",
      "id": "esp",
      "top": 0,
      "left": 0,
      "attrs": { "env": "micropython-20231227-v1.22.0" }
    },
    {
      "type": "board-ssd1306",
      "id": "oled1",
      "top": -6.46,
      "left": -278.17,
      "attrs": { "i2cAddress": "0x3c" }
    }
  ],
  "connections": [
    [ "esp:TX", "$serialMonitor:RX", "", [] ],
    [ "esp:RX", "$serialMonitor:TX", "", [] ],
    [ "oled1:SCL", "esp:22", "green", [ "v-19.2", "h422.7", "v67.2" ] ],
    [ "oled1:SDA", "esp:21", "orange", [ "v-9.6", "h355.27", "v67.2" ] ],
    [ "oled1:GND", "esp:GND.1", "black", [ "v-19.2", "h-115.2", "v153.6" ] ],
    [ "oled1:VCC", "esp:3V3", "red", [ "v-38.4", "h-67.05", "v153.6", "h249.6", "v-86.4" ] ]
  ],
  "dependencies": {}
}